Name,Age,City,Avg. Age
John,25,New York,27.666666666666668
Alice,30,Los Angeles,27.666666666666668
Bob,28,Chicago,27.666666666666668
